<?xml version="1.0" encoding="UTF-8"?>
<project-private xmlns="http://www.netbeans.org/ns/project-private/1">
    <editor-bookmarks xmlns="http://www.netbeans.org/ns/editor-bookmarks/2" lastBookmarkId="0"/>
    <open-files xmlns="http://www.netbeans.org/ns/projectui-open-files/2">
        <group>
            <file>file:/var/www/enfusenApp/src/Shell/EmailScheduleShell.php</file>
            <file>file:/var/www/enfusenApp/src/Shell/CitationsShell.php</file>
            <file>file:/var/www/enfusenApp/config/bootstrap.php</file>
            <file>file:/var/www/enfusenApp/src/Shell/CronManagerShell.php</file>
            <file>file:/var/www/enfusenApp/config/paths.php</file>
        </group>
    </open-files>
</project-private>
