id,smart_location_id,status,google_token,analytics_child,adword_token,adword_custid,google_search_token,bing_token,fb_token,adroll_info,calltracking_info,callrail_info,twilio_info,created,updated
1,18,1,"{""access_token"":""ya29.GlsmBG8Azii8GvRbVG7os7Dpo7qlC_87-EmQydIqKOwK9w0WvpfOTETKtFs8WAlOl6zljoqJrAhf3xPgLKtlR5tdGMEkRbOr9-ZK296p0IPnfja3pg4mkwAVhE6p"",""token_type"":""Bearer"",""expires_in"":3600,""refresh_token"":""1/34Yeqs8CDUdjiUa7k4jC6rkga6UOAbmd7dfJbIzRQaM"",""created"":1491575123}","{""account"":""43394204"",""property"":""UA-43394204-1"",""profile"":""90090448"",""account_name"":"""",""property_name"":"""",""profile_name"":""""}",NULL,NULL,NULL,NULL,test,NULL,NULL,NULL,NULL,NULL,"2017-07-20 01:40:52"
2,7,1,"{""access_token"":""ya29.GlseBGbugV6-kC4ZvUIXRWF6DFYyWJZszvWt7PP7tENLLrp27LDMXHOtFHJNs0cebrJxlx8vbHhftScJYp6_DmQ1G-9VkfZp6NTr8akIcf8zMLU23JFcuT9A6FIA"",""token_type"":""Bearer"",""expires_in"":3600,""refresh_token"":""1/5wn4DZWytxJJVzBcatdjhQAESmQY3oUXDMtQBFUKgsQ"",""created"":1490901215}","{""account"":""43394204"",""property"":""UA-8208417-1"",""profile"":""16530870"",""account_name"":"""",""property_name"":"""",""profile_name"":""""}",NULL,NULL,NULL,NULL,NULL,NULL,NULL,NULL,NULL,NULL,"2017-07-19 09:26:08"
3,12,1,"{""access_token"":""ya29.GlsVBHZEpKmJMJvrMYH8CZLIl_THsD7PEGEcSFHtXRJovU5px8u5KHcHT0NBpCeIikoHPXyHs59bbe1EdQ9ieMwb32ctDdSzV7OrHOSxHcQJeTTKMCJOhEp0hShv"",""token_type"":""Bearer"",""expires_in"":3600,""refresh_token"":""1/a-qmmua0-119Jd87X9nWUGbkuekPzenIV9y9VjXErzg"",""created"":1490124494}","{""account"":""43394204"",""property"":""UA-8227378-1"",""profile"":""16570237"",""account_name"":"""",""property_name"":"""",""profile_name"":""""}",NULL,NULL,NULL,NULL,"{""token"":{""token_type"":""bearer"",""access_token"":""EAABfry3VXkgBACZAKLmoPeE1wZCAfBqcx7aoQljzrmcREGD06YZAyBZA9DvI0EH7ID6ZBZCpLPPOxrOOtdDTSI0oTZBwcVZBY4I6x0fnEZAUF9xYqYic9ZCdG4Bohy1ACDLI15ZCmnJWSNO6kZBmY9rQeujbBYVaieoDU9vt7EUx7GZBBtAZDZD""},""expires_in"":""19-08-2017""}",NULL,NULL,NULL,NULL,NULL,"2017-07-20 01:25:35"
4,4,1,"{""access_token"":""ya29.GlspBFPKhTaPsslFDz3nCjSTE8sPFVAklnA_8pcMXYNYohh25aVxGy8D0eB4MVvuwdNXpaNcMWfCq34NNO3GFnrQyBU54sgEzx-U51yf53oIZzY7LlK1D1djWfWp"",""token_type"":""Bearer"",""expires_in"":3600,""refresh_token"":""1/Hkn2nPwVDJKHB45mxMoBx2RK2-nRSm9a0Rg4QzWiXcQ"",""created"":1491852039}","{""account"":""43394204"",""property"":""UA-36795590-1"",""profile"":""66771248"",""account_name"":"""",""property_name"":"""",""profile_name"":""""}",NULL,NULL,NULL,NULL,NULL,NULL,NULL,NULL,NULL,NULL,"2017-07-19 09:26:08"
5,8,1,"{""access_token"":""ya29.GlsVBLiDwYqfAuVeIbpRx9ppDDRVxy_2DlkTXHQ1UQ7jHSpM8VR1Ex_Rw2OayQDAwBgGeSBkmEKaW3KCVP9nkxCq6BDxNZez4KXj66bw_wcV-TGXyfmjwDTwYyeV"",""token_type"":""Bearer"",""expires_in"":3600,""refresh_token"":""1/d-n2RBB7iU-fmL4dq_F-lEnoDVmD1JOTezS6SQ2TVQM"",""created"":1490124633}","{""account"":""43394204"",""property"":""UA-8227608-1"",""profile"":""16570684"",""account_name"":"""",""property_name"":"""",""profile_name"":""""}",NULL,NULL,NULL,NULL,NULL,NULL,NULL,NULL,NULL,NULL,"2017-07-19 09:26:08"
6,5,1,"{""access_token"":""ya29.GlseBPOaeWzt8_aw-UfRktKxuz4w1a2mKIUZ3Wk9w_faEM3F9JX7wg933GveKdHU07trWkOaV8WLCtqK76oPI7bWlKN7suWQUUwsVc4njHTZOgOibZ26WyhA3g1-"",""token_type"":""Bearer"",""expires_in"":3600,""refresh_token"":""1/PZ7U3QRpAXutWW5X87voRnzTR2sRUIQxsVb_-qXeXNA"",""created"":1490901160}","{""account"":""43394204"",""property"":""UA-17989793-1"",""profile"":""35719160"",""account_name"":"""",""property_name"":"""",""profile_name"":""""}",NULL,NULL,NULL,NULL,NULL,NULL,NULL,NULL,NULL,NULL,"2017-07-19 09:26:08"
7,9,1,"{""access_token"":""ya29.GlsVBJ2A3dDeJd-xridxq9WsF1zaSaNve1G6AB68WDFt-FlU7Z4qMqazChUkmhFy2Kz4QUGHgQpPO3vjpCsBppPmH3uiSUZZO3P2OIFseiYIkr9XEfqbChuFvM1X"",""token_type"":""Bearer"",""expires_in"":3600,""refresh_token"":""1/tTDyPUHb0j8wRyJqH8PSTPEloDOtVi6VSO2vw67po0M"",""created"":1490124936}","{""account"":""43394204"",""property"":""UA-6686660-3"",""profile"":""30261042"",""account_name"":"""",""property_name"":"""",""profile_name"":""""}",NULL,NULL,NULL,NULL,NULL,NULL,NULL,NULL,NULL,NULL,"2017-07-19 09:26:08"
8,20,1,"{""access_token"":""ya29.GlsVBBXiyYZwUDpWRrc1As5pvcfA-XNGvKc0j0u8mg73y2GCNRnbuo_Kg6JJjbJC6OKHEIG0nG5bw7aQu-C24k9MeAB0DiSeZxVj3DJdKmFXf63cDlQ01wNvWJCG"",""token_type"":""Bearer"",""expires_in"":3600,""refresh_token"":""1/ZnWEHUtQlKBcX2sQpEUwTNBvbk9j-seEDzuvkqEChfA"",""created"":1490125181}","{""account"":""43394204"",""property"":""UA-20183157-1"",""profile"":""39969384"",""account_name"":"""",""property_name"":"""",""profile_name"":""""}",NULL,NULL,NULL,NULL,"{""token"":{""token_type"":""bearer"",""access_token"":""EAABfry3VXkgBACZAKLmoPeE1wZCAfBqcx7aoQljzrmcREGD06YZAyBZA9DvI0EH7ID6ZBZCpLPPOxrOOtdDTSI0oTZBwcVZBY4I6x0fnEZAUF9xYqYic9ZCdG4Bohy1ACDLI15ZCmnJWSNO6kZBmY9rQeujbBYVaieoDU9vt7EUx7GZBBtAZDZD""},""expires_in"":""19-08-2017""}",NULL,NULL,NULL,NULL,NULL,"2017-07-20 01:25:35"
9,6,1,"{""access_token"":""ya29.GlseBCyRewbx1dBhCGZekfYF5ws8C2_EteCAFImH-Zh1Kzj-o7OrZLgpGwbtsfQwV6O9F-IsGsdf3YHPZAU_c-1e7b4Aj1Idd5g5p_HZrP-Ow94e3_GJmF36Yc02"",""token_type"":""Bearer"",""expires_in"":3600,""refresh_token"":""1/mCIUaHYMV7yxgl3lrTZazWQ73wlMpJVbpJeY31hsb-xxG3yE-ZF1PCJ6Mw7iRXwL"",""created"":1490901188}","{""account"":""43394204"",""property"":""UA-8228506-1"",""profile"":""16572416"",""account_name"":"""",""property_name"":"""",""profile_name"":""""}",NULL,NULL,NULL,NULL,NULL,NULL,NULL,NULL,NULL,NULL,"2017-07-19 09:26:08"
10,3,1,"{""access_token"":""ya29.GlsOBHvP8T6wW9Qa-LS2Eu9HPHC3p9EmGvFGmfWdXMu50b_e59Ixxn48Ft6aIYD6KfVyKZKD_Wznb97tK7h2k9Wdcqj4CJwutTArgYGiwOivbfNl5bAyoHUis1Nr"",""token_type"":""Bearer"",""expires_in"":3600,""refresh_token"":""1/OlvQOKhlqW7GqQyXoRUgKwq8KcC5Ko-TpjOBadL0bdw"",""created"":1489519175}","{""account"":""43394204"",""property"":""UA-37413059-1"",""profile"":""67615484"",""account_name"":"""",""property_name"":"""",""profile_name"":""""}",NULL,NULL,NULL,NULL,NULL,NULL,NULL,NULL,NULL,NULL,"2017-07-19 09:26:08"
11,17,1,"{""access_token"":""ya29.GlsVBOQk2k0pvRrY81oqQp87i1DYETRW9-TGO3X5LY7SqjY02hcJlmxoHW2H00RF9OQfZhomNf_w_gnJZDeYkWnemh1OxqM1eIVjCTsKCULkhBr4WY1uBs-5MBal"",""token_type"":""Bearer"",""expires_in"":3600,""refresh_token"":""1/cEfr5NkHfLJhh60GKb8XiQiXZUWP9-dcC3hjv7uy4bl1Szr86LJxhKIEKsVb9rlM"",""created"":1490124441}","{""account"":""43394204"",""property"":""UA-6027285-1"",""profile"":""12183088"",""account_name"":"""",""property_name"":"""",""profile_name"":""""}",NULL,NULL,NULL,NULL,NULL,NULL,NULL,NULL,NULL,NULL,"2017-07-19 09:26:08"
12,11,1,"{""access_token"":""ya29.GlsVBKsLiCmfN4rNEUpMgJzZ3cXv3iG9epl4HCHlWHM_KQRwfT2TEq7gbfsDLCGzgetvab2Hd92u6KA4ZWCvJ1858EZ8qKqveKn8FEEXIFWDU921JXh8XpdHLZY4"",""token_type"":""Bearer"",""expires_in"":3600,""refresh_token"":""1/1gjb38KZimr4zdP7tW86i0QDEud3hZR3rf4TrznF4N8"",""created"":1490124983}","{""account"":""43394204"",""property"":""UA-63193028-1"",""profile"":""102597948"",""account_name"":"""",""property_name"":"""",""profile_name"":""""}",NULL,NULL,NULL,NULL,NULL,NULL,NULL,NULL,NULL,NULL,"2017-07-19 09:26:08"
13,2,1,"{""access_token"":""ya29.GlsVBF8LHh-jy1W0mmk4aNOuHwGWoOsdEJEOo0he69QWjhAtfwJm9AAayFsrtRrw_lreOnz3OLbv6jda2KhTknzK1wot76uYFRRhyeXHeGEt_1TTwPiL_P1J-Wjs"",""token_type"":""Bearer"",""expires_in"":3600,""refresh_token"":""1/NsPBzzPeZmlTHDq3vxAyUKcJuSFwOzTyUXyBFQmoeYU"",""created"":1490124800}","{""account"":""43394204"",""property"":""UA-37413285-1"",""profile"":""67619197"",""account_name"":"""",""property_name"":"""",""profile_name"":""""}",NULL,NULL,NULL,NULL,NULL,NULL,NULL,NULL,NULL,NULL,"2017-07-19 09:26:08"
14,10,1,"{""access_token"":""ya29.GlsVBKRWOPVjh85YqBWyVB6xDQL4DhX9Py_2MK8kafVuSHv0F9iRE4bsHfc-wVxcxXUGu9CxCtjNSfi_i7NpCHY4ZXOJt4tOMFmlDfzECNFbiRQIezJcuipFL0t0"",""token_type"":""Bearer"",""expires_in"":3600,""refresh_token"":""1/cFs1lsRSwbSfPSc8dJHEexKZsHcnF98WFf8PkOtUBuI"",""created"":1490125052}","{""account"":""43394204"",""property"":""UA-6027202-1"",""profile"":""12182899"",""account_name"":"""",""property_name"":"""",""profile_name"":""""}",NULL,NULL,NULL,NULL,NULL,NULL,NULL,NULL,NULL,NULL,"2017-07-19 09:26:08"
15,1,1,"{""access_token"":""ya29.GlseBMMXN9muFE3G2jg8XtL1n8bJ9oYcc_naCvl1EqZUGr_xzA9UStb4Nhng42oFV5TZoR1AsQL9o9fsC1Amjb5dJfKKq9bK7VaqRO6M3CtfzQVEfNmOUb2OH304"",""token_type"":""Bearer"",""expires_in"":3600,""refresh_token"":""1/hEQ8KQPKD9gHwOBEI3y1mzAuP2S_6HLs-lpgMrz8OHw"",""created"":1490901127}","{""account"":""43394204"",""property"":""UA-64200067-1"",""profile"":""103955488"",""account_name"":"""",""property_name"":"""",""profile_name"":""""}",NULL,NULL,NULL,NULL,NULL,NULL,NULL,NULL,NULL,NULL,"2017-07-19 09:26:08"
16,19,1,"{""access_token"":""ya29.GlsVBLHwPrO0WfPsEt8z3jws_Xhg78RodwXnIjasdIDKtb5OjuXfVOgpx98QJmNm4yK2gJSzM6BS2bMlKqLXF5NXtqkMmFFnX1ZVIXQXKYQWPCGCyMzIgQ_aEBQx"",""token_type"":""Bearer"",""expires_in"":3600,""refresh_token"":""1/bNychrnwWhdiXwuYnsudVkeqhmkRmiqL5ry2y0AbepM"",""created"":1490125079}","{""account"":""43394204"",""property"":""UA-61243600-1"",""profile"":""99988760"",""account_name"":"""",""property_name"":"""",""profile_name"":""""}",NULL,NULL,NULL,NULL,NULL,NULL,NULL,NULL,NULL,NULL,"2017-07-19 09:26:08"
17,13,1,"{""access_token"":""ya29.GlsRBH4QgJAxIdx4blBCozCutpzytDiD6dQSUAycxEOgLZgMpPuJ651460nyqIYH43rFboBJ_dw-KAluasvanOEHpOzhPdMSKFKGQ1T0y71chr7GlIQ005FS7W1i"",""token_type"":""Bearer"",""expires_in"":3600,""refresh_token"":""1/WXYavs1AzjZtOP7aPM6lfLMeJGpbmwUSddxfDSmSFUcG2cxdR1jHg0bf07E_KPXu"",""created"":1489777196}","{""account"":""43394204"",""property"":""UA-72657058-1"",""profile"":""115135688"",""account_name"":"""",""property_name"":"""",""profile_name"":""""}",NULL,NULL,NULL,NULL,NULL,NULL,NULL,NULL,NULL,NULL,"2017-07-19 09:26:09"
18,14,1,"{""access_token"":""ya29.GlseBHX0QBa88nHQd5dx0mZ0gQLE91rd2eJVnagz3lPVdgDCRe-X70XFPNeLItTUSlb1fqwC_cDNjz1i2yIPcEip8rUxKCBL77kbev-4zbRy2bYLkNeRhDv8msS-"",""token_type"":""Bearer"",""expires_in"":3600,""refresh_token"":""1/m2xquAnED0I1QcuG72_vVRxdmBKaf4lkxoGDR4uvzVk"",""created"":1490901248}","{""account"":""43394204"",""property"":""UA-65174837-1"",""profile"":""105272655"",""account_name"":"""",""property_name"":"""",""profile_name"":""""}",NULL,NULL,NULL,NULL,NULL,NULL,NULL,NULL,NULL,NULL,"2017-07-19 09:26:09"
19,16,1,"{""access_token"":""ya29.GlsbBE0sLm_LZ1iKZ0QhM4_JcaxqSpNRFsFU3MGbwqmCkfDJhIa3hPbZ50qgrdsxjdQzj1a6IEu4z_tpzGzHRhS2TMZwNFJawQhvZxNKQJnrCXNtUxQKeTCgSjO6"",""token_type"":""Bearer"",""expires_in"":3600,""refresh_token"":""1/LEN-uBk6q1gwI_AvZyZcMeYLmxP9_t7n1g5ZQHz2EnU"",""created"":1490617316}","{""account"":""43394204"",""property"":""UA-79240078-1"",""profile"":""123818883"",""account_name"":"""",""property_name"":"""",""profile_name"":""""}",NULL,NULL,NULL,NULL,NULL,NULL,NULL,NULL,NULL,NULL,"2017-07-19 09:26:09"
20,24,1,"{""access_token"":""ya29.Glv8AyFpItjFWsEycDkJEVaYVuzHlRSYnVwr9tCzYJmbubsOhpkyQnPXedL6cL-dEYF-Be_sYk00VbdQ4qlRseoIq9PHfpu9y8iR26uhVrYHv8nwdkEnM_1IQa15"",""token_type"":""Bearer"",""expires_in"":3600,""refresh_token"":""1/IZhtZbeb6Wv2j0-iZjO8S8mWeLVhyT955cx1ZqJmkY2r3O_TtCxhnXzqzAQQ7kvx"",""created"":1487950465}","{""account"":""43394204"",""property"":""UA-43394204-1"",""profile"":""75808006"",""account_name"":"""",""property_name"":"""",""profile_name"":""""}",NULL,NULL,NULL,NULL,NULL,NULL,NULL,NULL,NULL,NULL,"2017-07-19 09:26:09"
21,21,1,"{""access_token"":""ya29.Glv8A6zoZqWZ9t_EDFs-nr6_AFZNVh_Avph_c-Ji1v0VQ9Q90c9pNh0x0FlyN5D28HAdh-p6t4SmOwLQ8HWbcKBTq7O80-lv2naR2_1oJ-Gq2AVckaqICbOq9TDL"",""token_type"":""Bearer"",""expires_in"":3600,""refresh_token"":""1/jiIJiZM-xFl3JY7Jjo0Bf9WErLrU5a3PAE1p8HwsRlK7LYU287lvjhjiGGZWFlov"",""created"":1487951020}","{""account"":""43394204"",""property"":""UA-67919497-1"",""profile"":""108861047"",""account_name"":"""",""property_name"":"""",""profile_name"":""""}",NULL,NULL,NULL,NULL,NULL,NULL,NULL,NULL,NULL,NULL,"2017-07-19 09:26:09"
22,22,1,"{""access_token"":""ya29.GlsMBEF6WOctEllx0-bIsqno5nVcTe89QySqxl6Cuy1p4iHdeHfOyrnS547xzOUijdUa27QPMFjOve_s6lQ7qdh7wynW8h2WkZJtWkfdoEMynw9m50ziRhoJ3kvi"",""token_type"":""Bearer"",""expires_in"":3600,""refresh_token"":""1/JsGHn9GlB7NSRQU1l65gwCaKGjFosdvhUh_c4sDhaieArgqFKWHdByGYabC2N2Y5"",""created"":1489415821}","{""account"":""82834080"",""property"":""UA-82834080-1"",""profile"":""128112025"",""account_name"":"""",""property_name"":"""",""profile_name"":""""}",NULL,NULL,NULL,NULL,NULL,NULL,NULL,NULL,NULL,NULL,"2017-07-19 09:26:09"
23,23,1,"{""access_token"":""ya29.GlsMBBET6H8PLXP30HZ21HftiVLgkqC5P2SO3slWG1NlIktljbf780HCXE42qWrgFYTXYbtK7_rPFQ6ly0-9-aNX7y81phiYswGQA3uVHs07wRu6WRipE9GB3uMM"",""token_type"":""Bearer"",""expires_in"":3600,""refresh_token"":""1/FgA33nPdM6dNPgk5H4hYSqAlrOngmVvjxkTVKlTkX4I"",""created"":1489415620}","{""account"":""79386863"",""property"":""UA-79386863-1"",""profile"":""123980677"",""account_name"":"""",""property_name"":"""",""profile_name"":""""}",NULL,NULL,NULL,NULL,NULL,NULL,NULL,NULL,NULL,NULL,"2017-07-19 09:26:09"
24,15,1,"{""access_token"":""ya29.Gls5BOB-G8jH6sYeCJtshXP9itp6SbJnvpqQzH5Il2ChArTzo1yLDU5GrQtuJDrirZqsJrmai8Q03mMp-AsuHNQycpctqnjblgzpMY0pZ62DE-wwc3LjiXvMbdyy"",""token_type"":""Bearer"",""expires_in"":3600,""refresh_token"":""1/cXzYVsSGrLkhIzXySmPJKYONzIZujbJ0nknahuXOR_k"",""created"":1493319324}","{""account"":""43394204"",""property"":""UA-43394204-5"",""profile"":""152613345"",""account_name"":"""",""property_name"":"""",""profile_name"":""""}",NULL,NULL,NULL,NULL,NULL,NULL,NULL,NULL,NULL,NULL,"2017-07-19 09:26:09"
25,26,1,"{""access_token"":""ya29.Ci-0A1pm5qubO9A9Z76lfoztJZyyuQ5kJBDbFCQaDdpNeqfZVjFY8ynDUsaPymMXaQ"",""token_type"":""Bearer"",""expires_in"":3600,""refresh_token"":""1/3GN8Wt1dkoi7YRMIyFtZWi3zMddg6bjig4jbKiwmmP8"",""created"":1481733268}","{""account"":""73795859"",""property"":""UA-73795859-1"",""profile"":""116727320"",""account_name"":"""",""property_name"":"""",""profile_name"":""""}",NULL,NULL,NULL,NULL,NULL,NULL,NULL,NULL,NULL,NULL,"2017-07-19 09:26:09"
26,29,1,"{""access_token"":""ya29.Ci-0A7wkPlEDTn6svD7VDhQX21q63fdpqXP0KNMgVq8Vv6K4a88C8vEAqHxN3URJ9A"",""token_type"":""Bearer"",""expires_in"":3600,""refresh_token"":""1/_rCFpckRCKUe_Z1hREh1lA_aubPnHNUKg_OkbqgjaF0"",""created"":1481733025}","{""account"":""37398845"",""property"":""UA-37398845-1"",""profile"":""67598521"",""account_name"":"""",""property_name"":"""",""profile_name"":""""}",NULL,NULL,NULL,NULL,NULL,NULL,NULL,NULL,NULL,NULL,"2017-07-19 09:26:09"
27,30,1,"{""access_token"":""ya29.Ci-2A3_DE65T4MU5oA1HgY_4IayG3lqPvzjV3TzPDcCafeuxxCR1gilLZCq9s5cxzg"",""token_type"":""Bearer"",""expires_in"":3600,""refresh_token"":""1/qRiITpKbeZu7j6oqTrjH8JHs2gdN5G0j2TsfFOC1yhI"",""created"":1481911810}","{""account"":""22284258"",""property"":""UA-22284258-2"",""profile"":""48949508"",""account_name"":"""",""property_name"":"""",""profile_name"":""""}",NULL,NULL,NULL,NULL,NULL,NULL,NULL,NULL,NULL,NULL,"2017-07-19 09:26:09"
28,31,1,"{""access_token"":""ya29.Ci-0Azd8VuPu-rMJ6BxUBEKXhXyh5SrvdEMKl_2TwnJCuKl9esdS2Mr5VF4DyHht1Q"",""token_type"":""Bearer"",""expires_in"":3600,""refresh_token"":""1/JQdXaSr25JKGhcdHgm-tmvBqini9uv8Ltyv0L-XJ8Fk"",""created"":1481744334}","{""account"":""52060486"",""property"":""UA-52060486-2"",""profile"":""90156329"",""account_name"":"""",""property_name"":"""",""profile_name"":""""}",NULL,NULL,NULL,NULL,NULL,NULL,NULL,NULL,NULL,NULL,"2017-07-19 09:26:09"
29,32,1,"{""access_token"":""ya29.Ci-0A_-BvSTQ2ctBcBEhstOUKjkDb2xOsgSPKyZjFHixhsR42gIrw0-bQe3Wmy50Ww"",""token_type"":""Bearer"",""expires_in"":3600,""refresh_token"":""1/Oh6L65-JaLuM9kj5WTztjx5MLCgcbQRiy8DfoHgn0Ng"",""created"":1481743399}","{""account"":""18543901"",""property"":""UA-18543901-1"",""profile"":""36788884"",""account_name"":"""",""property_name"":"""",""profile_name"":""""}",NULL,NULL,NULL,NULL,NULL,NULL,NULL,NULL,NULL,NULL,"2017-07-19 09:26:09"
30,27,1,,,NULL,NULL,NULL,NULL,NULL,NULL,NULL,NULL,NULL,NULL,"2017-07-19 09:26:09"
31,33,1,,,NULL,NULL,NULL,NULL,NULL,NULL,NULL,NULL,NULL,NULL,"2017-07-19 09:26:09"
32,28,1,"{""access_token"":""ya29.Glv0A1INu1If6NxrqR1uolf-EURDW_-UqVlmdTzq5Dkhxp4iJ3csu7gxKVYjcgXddB_HYyUcnnH63l9LPI_AEczkvXSeaZ3L9m4M1UgxKttJYe3x45G2TUEc3bXn"",""token_type"":""Bearer"",""expires_in"":3600,""refresh_token"":""1/OIgKrJ_uOFDyBSYDPEOi5OJ3j-u0zzp5l0MDQqApBAQ"",""created"":1487270774}","{""account"":""2691947"",""property"":""UA-2691947-1"",""profile"":""5084842"",""account_name"":"""",""property_name"":"""",""profile_name"":""""}",NULL,NULL,NULL,NULL,NULL,NULL,NULL,NULL,NULL,NULL,"2017-07-19 09:26:09"
33,35,1,,,NULL,NULL,NULL,NULL,NULL,NULL,NULL,NULL,NULL,NULL,"2017-07-19 09:26:09"
34,34,1,"{""access_token"":""ya29.GlsWBJ2ubX1lZ71PdJh-RUtNRoiTpl0xT3bwrzWP_QBXGi51qjVBVQlf-wiDPRWQIdJx_4KPgu3Toelxe2p2tHyi6agxKRBlsEyOWZFFgB2KfChVhMqG68gNpPFK"",""token_type"":""Bearer"",""expires_in"":3600,""refresh_token"":""1/6G5XSizPbfduuwx7t83qz60YmCDsVfHH6uFQ88ccdKQ"",""created"":1490218771}","{""account"":""11020732"",""property"":""UA-11020732-1"",""profile"":""22254615"",""account_name"":"""",""property_name"":"""",""profile_name"":""""}",NULL,NULL,NULL,NULL,NULL,NULL,NULL,NULL,NULL,NULL,"2017-07-19 09:26:09"
35,36,1,"{""access_token"":""ya29.GlsWBC8evjq5FIc_P7BM_glp3fBmqdIapp0aua0Yr4POBvE7IgEy14LGhEJvP9Wh8NtaFVypO63KLvXlf7ujMpXJpftgPv3jkpRkveWxGlYhiQOhrNM4id3YXONU"",""token_type"":""Bearer"",""expires_in"":3600,""refresh_token"":""1/jx5_gIM_-ZMmqATjmF5bLpfqxl1LAC-szMn18UYrxqk"",""created"":1490213912}","{""account"":""9965768"",""property"":""UA-9965768-1"",""profile"":""20057443"",""account_name"":"""",""property_name"":"""",""profile_name"":""""}",NULL,NULL,NULL,NULL,NULL,NULL,NULL,NULL,NULL,NULL,"2017-07-19 09:26:09"
36,25,1,,,NULL,NULL,NULL,NULL,NULL,NULL,NULL,NULL,NULL,NULL,"2017-07-19 09:26:09"
37,37,1,"{""access_token"":""ya29.GltiBJgWyLhZuvM7819-NCegF7gZA3hUY0IL6RhWYu0N_BROJpkMhGoLNks5elW2ci7K6Zf9x7TszLOhSQLLEmdXnRlLBB8_xtL52Cn0E3O2DLDYsnK4ax_Eujzs"",""token_type"":""Bearer"",""expires_in"":3600,""refresh_token"":""1/vvRhIsO6DE9EwmjXwUNXNHc4YxP6EEmPlJUghiW64EE"",""created"":1496848318}","{""account"":""33299486"",""property"":""UA-33299486-1"",""profile"":""62039514"",""account_name"":"""",""property_name"":"""",""profile_name"":""""}","{""access_token"":""ya29.GluMBI_MRgTNs780UfD6exkGEe8gDF-TMVhL-NXmKwLlEVy5vImvfcXWxENu6d8JjMYx-BTY5ckr2oYQZye6PH4GjLYDElIfLKHfRfK5Ng9ydmYEgJcWdhozGmRL"",""token_type"":""Bearer"",""expires_in"":3600,""refresh_token"":""1\/0j0l0RBAGc2PXvGHnN7OvYJmyeNyMTuh-w5zu-JDZyQ"",""created"":1500463558}",NULL,NULL,NULL,NULL,NULL,NULL,NULL,NULL,NULL,"2017-07-19 09:54:20"
38,39,1,"{""access_token"":""ya29.GltVBJHYBrkU606uSPoiIYKlPkzOcP5WM-Ij1fHsZW3VnIKXdPIweRCLYqKt-DLGBeH_Xc6yLkWubEr28ZUNIwtmJIVZw7vKGwnPZXUUf5fmp42z2k-wnUZx2zYR"",""token_type"":""Bearer"",""expires_in"":3600,""refresh_token"":""1/haikCwlDZA_IXRo2YBPq-96YLL0bG8Sf3Re76b33jsN2rigGwmL7pgaAwTwzbq2m"",""created"":1495700718}","{""account"":""89721843"",""property"":""UA-89721843-1"",""profile"":""137140589"",""account_name"":"""",""property_name"":"""",""profile_name"":""""}",NULL,NULL,NULL,NULL,NULL,NULL,NULL,NULL,NULL,NULL,"2017-07-19 09:26:09"
39,38,1,"{""access_token"":""ya29.GlsiBGbiTfCe7U2HxAoq9qgZxI_T3R-VRqoQQDhxpdfpSkEwD2pbbrjQ9PNuT0h7q5t4FxknClJ-fWYqjCq8VCDPDIVUId8d172HRDpf7xa5cUE3XWqJshRFSh_X"",""token_type"":""Bearer"",""expires_in"":3600,""refresh_token"":""1/gkS4-vktrpm0Cx-srWat7GffRjTcAuHk3vSRvD9FxWg"",""created"":1491235865}","{""account"":""505453"",""property"":""UA-505453-7"",""profile"":""7084982"",""account_name"":"""",""property_name"":"""",""profile_name"":""""}",NULL,NULL,NULL,NULL,NULL,NULL,NULL,NULL,NULL,NULL,"2017-07-19 09:26:09"
40,40,1,"{""access_token"":""ya29.Glv0A3_hjLDfKwTqRD4yTibDXIOQHdRuRY8bLWTBGUSxqC8wdekHSU5mnbZy6oKuu8WRT4SXobP7HeDA8J71hdvMOGpOWdce0vDIWNXs60CmPmar9HraxC0Hqx3D"",""token_type"":""Bearer"",""expires_in"":3600,""refresh_token"":""1/RSUN0p4uLmGXIR8HcwrMAsy17GSjzAzbGes4oHk3mRk0fEIWDq-sKnjcB_mLHGeR"",""created"":1487278537}","{""account"":""69418311"",""property"":""UA-69418311-1"",""profile"":""110791161"",""account_name"":"""",""property_name"":"""",""profile_name"":""""}",NULL,NULL,NULL,NULL,NULL,NULL,NULL,NULL,NULL,NULL,"2017-07-19 09:26:09"
41,41,1,"{""access_token"":""ya29.Ci_PA9jV68RoxqduTvpCJsaRCi0W0lRWtMcfRGyiRQXhliPqiIhjDN9TeJwzLgtzTg"",""token_type"":""Bearer"",""expires_in"":3600,""refresh_token"":""1/xrVPHmCFeRwiTIb2TJg5vPTi7EflqN3uKR9rVkicAZs"",""created"":1484058201}","{""account"":""10513397"",""property"":""UA-10513397-1"",""profile"":""21184488"",""account_name"":"""",""property_name"":"""",""profile_name"":""""}",NULL,NULL,NULL,NULL,NULL,NULL,NULL,NULL,NULL,NULL,"2017-07-19 09:26:09"
42,42,1,,,NULL,NULL,NULL,NULL,NULL,NULL,NULL,NULL,NULL,NULL,"2017-07-19 09:26:09"
43,45,1,,,NULL,NULL,NULL,NULL,NULL,NULL,NULL,NULL,NULL,NULL,"2017-07-19 09:26:09"
44,44,1,"{""access_token"":""ya29.GlvyA5GVPKCpBBeaHD-PQXAktf3Md4AR5J-hrYNCL2FsuyIvcYZifB8MjUwjUqRNtoCXuX-jHwCihdTa5Pfb9qIQPiKBJhzenPyZIiqN0LtHbsvDijwA2G46Ghg5"",""token_type"":""Bearer"",""expires_in"":3600,""refresh_token"":""1/0JkvkzCQNKtB06p3__9oMaQTfZog_J4X42OEjTiWfxY"",""created"":1487098129}","{""account"":""58555348"",""property"":""UA-58555348-1"",""profile"":""96327872"",""account_name"":"""",""property_name"":"""",""profile_name"":""""}",NULL,NULL,NULL,NULL,NULL,NULL,NULL,NULL,NULL,NULL,"2017-07-19 09:26:09"
45,46,1,"{""access_token"":""ya29.GlvyAzZRg9uXNrvaRC-DaJ-qAWfstp0cmjRa5bkwLXmYJVq8IEzJYLVLnBxjGKcyfAxSJsRmnNVMMDGyYpZP2WGU94gjq0KcRIkqOeXsDykLqc8aw_Kh0E4ALVD9"",""token_type"":""Bearer"",""expires_in"":3600,""refresh_token"":""1/qJX_Ir-9ecqJKMrJsW_1icuZVhAHh4wjaskem9Dshx0"",""created"":1487098233}","{""account"":""3086338"",""property"":""UA-3086338-1"",""profile"":""5943894"",""account_name"":"""",""property_name"":"""",""profile_name"":""""}",NULL,NULL,NULL,NULL,NULL,NULL,NULL,NULL,NULL,NULL,"2017-07-19 09:26:09"
46,47,1,,,NULL,NULL,NULL,NULL,NULL,NULL,NULL,NULL,NULL,NULL,"2017-07-19 09:26:09"
47,48,1,,,NULL,NULL,NULL,NULL,NULL,NULL,NULL,NULL,NULL,NULL,"2017-07-19 09:26:09"
48,43,1,"{""access_token"":""ya29.Glv0AxLONlwQMJ1hWcNgfxC8X1fUqjbbGolkqh5_HWvlPKLbTEDvjnNucLYyjIfGr_9yHWE_cKYZY7GnO6MKrRfAnpVNUbx5FkixPh_EAHYGU84A843Nnz8f0kd4"",""token_type"":""Bearer"",""expires_in"":3600,""refresh_token"":""1/7cO59k61Ba1EGLLsO3zNneiXxEZQbq6AdQDIe17EcBw"",""created"":1487278728}","{""account"":""85608058"",""property"":""UA-85608058-1"",""profile"":""131429478"",""account_name"":"""",""property_name"":"""",""profile_name"":""""}",NULL,NULL,NULL,NULL,NULL,NULL,NULL,NULL,NULL,NULL,"2017-07-19 09:26:09"
49,49,1,"{""access_token"":""ya29.Ci-5A9G705H7VstSWgsjV91XftUicwE917_6a3LdiGNyPFJwuqQB3pVrsQipsUKP2w"",""token_type"":""Bearer"",""expires_in"":3600,""refresh_token"":""1/0Ne6dQbR_zOjDySa-XcMCsN2Is20QP7rIlpyIkvN-_BfcBAatsY_htZSX19L5MaD"",""created"":1482162240}","{""account"":""52778875"",""property"":""UA-52778875-26"",""profile"":""106972536"",""account_name"":"""",""property_name"":"""",""profile_name"":""""}",NULL,NULL,NULL,NULL,NULL,NULL,NULL,NULL,NULL,NULL,"2017-07-19 09:26:09"
50,50,1,"{""access_token"":""ya29.Ci-YA7m94MbjsB9yaHQgvW9GkYw4oiETQe8iRpvkuq4DfHNWIWPU_id3rK6jZzGQHg"",""token_type"":""Bearer"",""expires_in"":3600,""refresh_token"":""1/n0TKIDmKDtVCAJvTkLlowUZN8p1V0UmOFj-gRDtLr-ONH7rpqPs7Ek-JyoUOnSNE"",""created"":1479274373}","{""account"":""57692125"",""property"":""UA-57692125-1"",""profile"":""95183633"",""account_name"":"""",""property_name"":"""",""profile_name"":""""}",NULL,NULL,NULL,NULL,NULL,NULL,NULL,NULL,NULL,NULL,"2017-07-19 09:26:09"
51,51,1,"{""access_token"":""ya29.Ci-YA1kDLAa7R2LlogS21k5hyrB9sGewsysTGXzWcqnMoSR8qGyFCR_DvwQvMlR5vA"",""token_type"":""Bearer"",""expires_in"":3600,""refresh_token"":""1/ivZT54XxD9f-POEI9SCn4MAe9TYT5zX3ue2j9yeYl1I"",""created"":1479303985}","{""account"":""77536848"",""property"":""UA-77536848-1"",""profile"":""121759969"",""account_name"":"""",""property_name"":"""",""profile_name"":""""}",NULL,NULL,NULL,NULL,NULL,NULL,NULL,NULL,NULL,NULL,"2017-07-19 09:26:09"
52,52,1,"{""access_token"":""ya29.Ci-YA1iE30Aep19g08XFWgpXXrF2GSFeVMwPBJeFZRmcS7-RRRr5mWqhCU69Cibf_w"",""token_type"":""Bearer"",""expires_in"":3600,""refresh_token"":""1/Hw5lXREEXskS-QsAlcUGwjFVEUu3ID7AR7lFa1BIYG8"",""created"":1479328557}","{""account"":""84207177"",""property"":""UA-84207177-1"",""profile"":""129798106"",""account_name"":"""",""property_name"":"""",""profile_name"":""""}",NULL,NULL,NULL,NULL,NULL,NULL,NULL,NULL,NULL,NULL,"2017-07-19 09:26:09"
53,53,1,"{""access_token"":""ya29.GlsABLyq8KRjEIZFO1ZeZtfNaXU_RMmj-tdW0JikSsXcmPIJ09uejhDMjQZOZvlJTuDcr7RptnZ3IS3dz7LTvfPC8WB8RfX_V8AOyXY1CdjaZNmbF-qAb562lIL1"",""token_type"":""Bearer"",""expires_in"":3600,""refresh_token"":""1/wX_RgBM-duWB-v697m-w2AtqvZ_5Ni75n0K8UtdVjnE"",""created"":1488302816}","{""account"":""83148292"",""property"":""UA-83148292-1"",""profile"":""128532951"",""account_name"":"""",""property_name"":"""",""profile_name"":""""}",NULL,NULL,NULL,NULL,NULL,NULL,NULL,NULL,NULL,NULL,"2017-07-19 09:26:09"
54,54,1,"{""access_token"":""ya29.GlsABDX0gdc22T07e8rS1CEkvczNAlXOTPSUsgAMDyBtmEsLE6_8AuZweszCGtXS_0kUATEnZ4rhCiGrau9GU6aqM16fjua69QMn6KIy1ykGKDycmCH0A7VIffYF"",""token_type"":""Bearer"",""expires_in"":3600,""refresh_token"":""1/UtEwCIHgut--2W7v8EjwH1BuWxP4uLRDjmVTGoEkLCA"",""created"":1488303188}","{""account"":""90693006"",""property"":""UA-90693006-1"",""profile"":""138583443"",""account_name"":"""",""property_name"":"""",""profile_name"":""""}",NULL,NULL,NULL,NULL,NULL,NULL,NULL,NULL,NULL,NULL,"2017-07-19 09:26:09"
55,55,1,"{""access_token"":""ya29.GlsABBxwdlgfhb_6kYcr94_OHcdNgGPK0WRLosC1KI6wCg0MBPhjjVuZtDhydGx4h9M6Xub3nNpNQyNqr95iHTQprDqnWPDXg6stU-IdHeCg8AxOttCE1p28hLQb"",""token_type"":""Bearer"",""expires_in"":3600,""refresh_token"":""1/YEwA9sCAYnKODP8ZkKXpK1JTi2RnYr4tCbePp4bUwz0"",""created"":1488306901}","{""account"":""72215840"",""property"":""UA-72215840-1"",""profile"":""114547548"",""account_name"":"""",""property_name"":"""",""profile_name"":""""}",NULL,NULL,NULL,NULL,NULL,NULL,NULL,NULL,NULL,NULL,"2017-07-19 09:26:09"
56,56,1,"{""access_token"":""ya29.GlvsA-kxdczjF6hEcsmzw2ackCldzoTXhUSGq3FWqzAZvi0SFVG8mWhggIVPb7K1fGgcYwjpEMNIakobOqRCKUFwAww1Tx17FzT5e8w0UDAg3NuqqxdvdhSrrbO7"",""token_type"":""Bearer"",""expires_in"":3600,""refresh_token"":""1/OIHL-6rYSYUzXV6zn83HEuu5tonU8ywCTPSOkkEaREM"",""created"":1486594067}","{""account"":""86790856"",""property"":""UA-86790856-1"",""profile"":""132859394"",""account_name"":"""",""property_name"":"""",""profile_name"":""""}",NULL,NULL,NULL,NULL,NULL,NULL,NULL,NULL,NULL,NULL,"2017-07-19 09:26:09"
57,58,1,"{""access_token"":""ya29.GlsXBPkTNfp1tqsxHK84qclLXCQSnsI4OKQOxNIEMHYaP7zih5jaWdv4gySDyo8wy5iBoHOviSFL7-w0nNYOxpwBR4vYEt8_3yfsUIfWGD7z_enka1YYyqFe5Ro2"",""token_type"":""Bearer"",""expires_in"":3600,""refresh_token"":""1/Dio4zQWUIXIl6Zzb7PHb92k8Xe7KHQi3HoGtcAglcT4"",""created"":1490273926}","{""account"":""80507490"",""property"":""UA-80507490-2"",""profile"":""141841682"",""account_name"":"""",""property_name"":"""",""profile_name"":""""}",NULL,NULL,NULL,NULL,NULL,NULL,NULL,NULL,NULL,NULL,"2017-07-19 09:26:09"
58,59,1,"{""access_token"":""ya29.GlsXBO1d2FSY6SR1OCEPfde2PafkmKIGYGitARA1YvUuoCenr2R1PsA_oPYnOju4WK66BQXFoXUPmsKUtYKBppFBqhrFqFBPY-WWxMcHIucE7dPt_78b7znS7muf"",""token_type"":""Bearer"",""expires_in"":3600,""refresh_token"":""1/coDVDNrR65Rz2FyWILUeusmysYVMfjpPfhGLua9nwaU"",""created"":1490278056}","{""account"":""96088791"",""property"":""UA-96088791-1"",""profile"":""146188201"",""account_name"":"""",""property_name"":"""",""profile_name"":""""}",NULL,NULL,NULL,NULL,NULL,NULL,NULL,NULL,NULL,NULL,"2017-07-19 09:26:09"
59,60,1,,,NULL,NULL,NULL,NULL,NULL,NULL,NULL,NULL,NULL,NULL,"2017-07-19 09:26:09"
60,57,1,,,NULL,NULL,NULL,NULL,NULL,NULL,NULL,NULL,NULL,NULL,"2017-07-19 09:26:09"
61,72,1,"{""access_token"":""ya29.Ci-uA1S7erzEnRIsZ6sPXutu1NzhV50gE5zgwjhf5vgnseXCj1fzgrkPW4Q_36_gVw"",""token_type"":""Bearer"",""expires_in"":3600,""refresh_token"":""1/W2jVIlSi7hcGIdYnC8B45w_AamLiGFtWVGWCQVaXnk4"",""created"":1481219655}","{""account"":""75425865"",""property"":""UA-75425865-1"",""profile"":""118893387"",""account_name"":"""",""property_name"":"""",""profile_name"":""""}",NULL,NULL,NULL,NULL,NULL,NULL,NULL,NULL,NULL,NULL,"2017-07-19 09:26:09"
62,73,1,"{""access_token"":""ya29.Ci-6A7rFxsi02V0dyaaeMb6cWAtHtxEZcQYh_ZJVqV-GtvPXC2lqKp6xn4SnNmpyWg"",""token_type"":""Bearer"",""expires_in"":3600,""refresh_token"":""1/LncWJWiaXWeBD5E1DwzZeAIPmTS4CTOd0SyezIM1z1w"",""created"":1482253103}","{""account"":""58940158"",""property"":""UA-58940158-1"",""profile"":""96850768"",""account_name"":"""",""property_name"":"""",""profile_name"":""""}",NULL,NULL,NULL,NULL,NULL,NULL,NULL,NULL,NULL,NULL,"2017-07-19 09:26:09"
63,75,1,"{""access_token"":""ya29.Ci_RA-MGROuk6VXI2a-krLadCOvo8Wp7iI1t_rv2s889mFFmtZtViQp3PGO5zvnmDQ"",""token_type"":""Bearer"",""expires_in"":3600,""refresh_token"":""1/WmX2rv8zhKhrWkPHClBG1CwmoDnQcIuQLHEI1Rd9flapkNvqSod_zG_9zdh8JVHv"",""created"":1484256622}","{""account"":""36859848"",""property"":""UA-36859848-1"",""profile"":""66842964"",""account_name"":"""",""property_name"":"""",""profile_name"":""""}",NULL,NULL,NULL,NULL,NULL,NULL,NULL,NULL,NULL,NULL,"2017-07-19 09:26:09"
64,77,1,"{""access_token"":""ya29.GlsRBB2OUxwlwZWnzPBPFMq42y6-6X9uZaffYU6S4a5YkHUCehciwqF-aZqhuetkfZI4uF8pk3ogON9fGiVi1uDpSKlWsaQRTobxj_ZZk2ReRXe0FUduGc9stHek"",""token_type"":""Bearer"",""expires_in"":3600,""refresh_token"":""1/Hwr25hW4FZXh01nfdw9CyvfGJosNTN3YqHD4NYp32XIVlrHkMH7zVJBZG56H5OGr"",""created"":1489767202}","{""account"":""92905746"",""property"":""UA-92905746-1"",""profile"":""141743471"",""account_name"":"""",""property_name"":"""",""profile_name"":""""}",NULL,NULL,NULL,NULL,NULL,NULL,NULL,NULL,NULL,NULL,"2017-07-19 09:26:09"
65,76,1,"{""access_token"":""ya29.Glv5A1-wvnDThFzjurNaTiQWAr2u7s2A41wS8FxvOvmGXoeZiDr1GRt1_yMOB3lKsEIWrhZNe_0ZvupoUMSSF4-_Bcpb9o16ZoyvllxTBNlpAsuD6UZ8t1R2bAev"",""token_type"":""Bearer"",""expires_in"":3600,""refresh_token"":""1/iWaCijegeacbYqiNEp7aGCaZhaqesPGWSBPw2--DbU_MYMutd2hNkA7s4vKeFzr3"",""created"":1487670342}","{""account"":""6389271"",""property"":""UA-6389271-58"",""profile"":""68292928"",""account_name"":"""",""property_name"":"""",""profile_name"":""""}",NULL,NULL,NULL,NULL,NULL,NULL,NULL,NULL,NULL,NULL,"2017-07-19 09:26:09"
66,79,1,"{""access_token"":""ya29.Glv5A7tPaP3o0w9BxVifKvAn_yEBzHmRUFWK6DPP8Usihy0O-jdyzVN57fZ2nvZvp84RXc2yfORwOM3jWW9gFPEqJUT69nIhz_AdfVVey_yWWNHx-gpGQWjwitBt"",""token_type"":""Bearer"",""expires_in"":3600,""refresh_token"":""1/Qq0qWAGyHDibXXcTMlV0GFRJYO29cNWOHhAhvaHj530"",""created"":1487676256}","{""account"":""80379207"",""property"":""UA-80379207-1"",""profile"":""125157702"",""account_name"":"""",""property_name"":"""",""profile_name"":""""}",NULL,NULL,NULL,NULL,NULL,NULL,NULL,NULL,NULL,NULL,"2017-07-19 09:26:09"
67,80,1,"{""access_token"":""ya29.GlsWBL3mxpveyft-zkhj_-Ot4nzeM0xh_UJ1puhwMZUScjDjPuLceuHMc158sYBypD4-cjwonz4GE5oM5EAagTQiAL9jTJFkkhYHk3h7Mjl8ntjiFrZAXE5yHv8s"",""token_type"":""Bearer"",""expires_in"":3600,""refresh_token"":""1/67YbgSOGM9sC26siY3eiskhzohwyWleGGHbHGQQ4yPY"",""created"":1490190326}","{""account"":""74955041"",""property"":""UA-74955041-1"",""profile"":""118268262"",""account_name"":"""",""property_name"":"""",""profile_name"":""""}",NULL,NULL,NULL,NULL,NULL,NULL,NULL,NULL,NULL,NULL,"2017-07-19 09:26:09"
68,81,1,,,NULL,NULL,NULL,NULL,NULL,NULL,NULL,NULL,NULL,NULL,"2017-07-19 09:26:09"
69,74,1,"{""access_token"":""ya29.GltSBByWP2WWmL9cTOW0r8BG-eM6qkQK0UKfvj9pswv1ULU64cIuw3ftQjXEJOWvpARw2FNdW_GzaojSiqBxXp5Lm52MpoAtPYmOaA8AXwAvweMrsu3wuY8ffx9z"",""token_type"":""Bearer"",""expires_in"":3600,""refresh_token"":""1/Vh9DCKgN-7eoLQOjgFdoWuPG_TZz7cOp_KI8848r6D4"",""created"":1495469773}","{""account"":""36452970"",""property"":""UA-36452970-1"",""profile"":""66269698"",""account_name"":"""",""property_name"":"""",""profile_name"":""""}",NULL,NULL,NULL,NULL,NULL,NULL,NULL,NULL,NULL,NULL,"2017-07-19 09:26:09"
70,78,1,,,NULL,NULL,NULL,NULL,NULL,NULL,NULL,NULL,NULL,NULL,"2017-07-19 09:26:09"
71,82,1,"{""access_token"":""ya29.Glt-BJpdmIQSEWpbKOjCR7kJoy1u9_A8fLMvmnxRnJUxFYQyTe6VBnAuNfWkxx_jhy70gORcJyhbRXNHoczt9C6870Ex06EGIbc3f2t0ZO8NQxqEsVjTgb3CZqau"",""token_type"":""Bearer"",""expires_in"":3600,""refresh_token"":""1/8QxjldtT1_B1WF2bHM3cQynabdIr_fIDgBvHHi8WDeU"",""created"":1499272629}","{""account"":""79387388"",""property"":""UA-79387388-1"",""profile"":""124002441"",""account_name"":"""",""property_name"":"""",""profile_name"":""""}",NULL,NULL,NULL,NULL,NULL,NULL,NULL,NULL,NULL,NULL,"2017-07-19 09:26:09"
72,83,1,,,NULL,NULL,NULL,NULL,NULL,NULL,NULL,NULL,NULL,NULL,"2017-07-19 09:26:09"
73,84,1,,,NULL,NULL,NULL,NULL,NULL,NULL,NULL,NULL,NULL,NULL,"2017-07-19 09:26:09"
74,85,1,"{""access_token"":""ya29.Gls1BGRRhCsvMFuofD9c1RfIA7LEQKNNWs0LyU6IIY_0CCSCyKjSwrAKbKzcCNcX8Sg7FR3xnvuWLEpZ_70xrLdffeB763NYhvo5HRgnQQLfo4wlA93u8YfFuxyK"",""token_type"":""Bearer"",""expires_in"":3600,""refresh_token"":""1/ea7vGt7toLz2MiOX3wsfppWZRXC07hNNppUl6ssQrCs"",""created"":1492936681}","{""account"":""25455374"",""property"":""UA-25455374-1"",""profile"":""49990256"",""account_name"":"""",""property_name"":"""",""profile_name"":""""}",NULL,NULL,NULL,NULL,NULL,NULL,NULL,NULL,NULL,NULL,"2017-07-19 09:26:09"
75,86,1,"{""access_token"":""ya29.GlssBLIfThDfkmiAK0rOCmJDCMj3QUFGtmINFvKuC-fbSDkpcEn4XaJXzC3AKYwZezxD1EcDSHnYZkVLcoXidhqL5T7KWTWxpyRD1xFk_3kHgWerIzi6PwH0HC3T"",""token_type"":""Bearer"",""expires_in"":3600,""refresh_token"":""1/kuX90phtRgjPyGamfwgNESfA2wgwCEpH9U6lAdfz6Ak"",""created"":1492054782}","{""account"":""90499035"",""property"":""UA-90499035-2"",""profile"":""138322707"",""account_name"":"""",""property_name"":"""",""profile_name"":""""}",NULL,NULL,NULL,NULL,NULL,NULL,NULL,NULL,NULL,NULL,"2017-07-19 09:26:09"
76,87,1,"{""access_token"":""ya29.GlsyBPdYmXi5Ng59NF6YkCnxtlGaMostqMuheKHCU537gqIDr6JvScM6DR7oEM048KQrUXX__HqHSt3q3ilGn73hQRN3aGizptX1ercQP4bAaO_G_NgYRRWz3uvk"",""token_type"":""Bearer"",""expires_in"":3600,""refresh_token"":""1/yzgCa795J7OG0NLh_VP_0Ooim_90EOwnGWt40gja6ocviMIuGDxdBlAnekUmUfDF"",""created"":1492668072}","{""account"":""88239315"",""property"":""UA-88239315-1"",""profile"":""134941922"",""account_name"":"""",""property_name"":"""",""profile_name"":""""}",NULL,NULL,NULL,NULL,NULL,NULL,NULL,NULL,NULL,NULL,"2017-07-19 09:26:09"
77,88,1,"{""access_token"":""ya29.GltIBPumxtTj8qTvg8Eahrol9NsJ5lz58Ixl6brmQYLBNcvmg9FL-28SoDRPDfKVzdkOcAxRRs2sgp_aC5vLGrd--dUBhrC7GsFjWr2aeXNzqOPMKlpcgevwoaBj"",""token_type"":""Bearer"",""expires_in"":3600,""refresh_token"":""1/lS3X_hSwdNXM1XYKexbwBCin-ey8dryd4vfVFW6Q9AQ"",""created"":1494548218}","{""account"":""19062277"",""property"":""UA-19062277-1"",""profile"":""37783323"",""account_name"":"""",""property_name"":"""",""profile_name"":""""}",NULL,NULL,NULL,NULL,NULL,NULL,NULL,NULL,NULL,NULL,"2017-07-19 09:26:09"
78,89,1,,,NULL,NULL,NULL,NULL,NULL,NULL,NULL,NULL,NULL,NULL,"2017-07-19 09:26:09"
79,90,1,"{""access_token"":""ya29.GlsRBKjG0_oL1V363gsml1thnTfdiXAJODrdaS58zhRdsnwj3Opr3nIqO4hOnt68xTBTZlNvk2YXL73IaQPFTQEtCz-n1cDeBiYxzH6sVQzahH2YXXayMxWdi0Wa"",""token_type"":""Bearer"",""expires_in"":3600,""refresh_token"":""1/8pcQMtfbZKRWndkxaW42DPCTdVDpNeWkq5uhkjMOw98"",""created"":1489782349}","{""account"":""69069502"",""property"":""UA-69069502-1"",""profile"":""110329105"",""account_name"":"""",""property_name"":"""",""profile_name"":""""}",NULL,NULL,NULL,NULL,NULL,NULL,NULL,NULL,NULL,NULL,"2017-07-19 09:26:09"
80,91,1,"{""access_token"":""ya29.GltLBH8TxVre93pRQRcJYKlZCDuRyVQ5Eq0-XOPfuB2xJGG33_FOx-8BPm3sPPp5FuLJ2lIamroMjSsIL2LPl1IWwoQjBlB80mSAQ0v_yqYJSlO07Gk5xp5mXZt4"",""token_type"":""Bearer"",""expires_in"":3600,""refresh_token"":""1/IulwcbhhuWeQOMGHfa_0LaIC85ZhedGz328cAZJFavU"",""created"":1494862388}","{""account"":""60291304"",""property"":""UA-60291304-1"",""profile"":""98663270"",""account_name"":"""",""property_name"":"""",""profile_name"":""""}",NULL,NULL,NULL,NULL,NULL,NULL,NULL,NULL,NULL,NULL,"2017-07-19 09:26:09"
81,113,1,"{""access_token"":""ya29.GltpBDQAmqADepDMEBm8qfkiCXSdMRilwYv4cdG82yYw9O3IgjVMweQIda-Cn6eGiFIa3Wr4NHab9tvQ9_O-YScrCTSXU3BSEZ_sraE-bb2R7WYtD42W4hqLwnq3"",""token_type"":""Bearer"",""expires_in"":3600,""refresh_token"":""1/bhanSUr30-mUCQwhJTDQT34AQgvO-staN7kiNnzWW8zJvWvrp6o7SFApi7CwPBo2"",""created"":1497454941}","{""account"":""7305936"",""property"":""UA-7305936-1"",""profile"":""14740300"",""account_name"":"""",""property_name"":"""",""profile_name"":""""}",NULL,NULL,NULL,NULL,NULL,NULL,NULL,NULL,NULL,NULL,"2017-07-19 09:26:09"
82,114,1,"{""access_token"":""ya29.GlsXBH-JAjvA6oVNoKWEVnO5JPDrQ1mdsl05zH6TO6V9CvGs-gPFbQuk0VgPn3WdD24tqr-0mPnOVLRAv4pzv7Ds6W9VyZPWIU8Jp6JUlEAHAJDpllRoEokr9IOi"",""token_type"":""Bearer"",""expires_in"":3600,""refresh_token"":""1/vun3OpMOTKoCpAM0H8n08zNF8rDt7J8C9jD0_7UF9wU"",""created"":1490268018}","{""account"":""285311"",""property"":""UA-285311-55"",""profile"":""75006245"",""account_name"":"""",""property_name"":"""",""profile_name"":""""}",NULL,NULL,NULL,NULL,NULL,NULL,NULL,NULL,NULL,NULL,"2017-07-19 09:26:09"
83,98,1,"{""access_token"":""ya29.GltaBC93_avvexRqPkDx3q0oj03DSQxG0pI4OSwgTp16pZH1TVf6iNATSw6aBKn-Xe5nx_VoDv0Z2rt1kt8ldgo6Ngk2y3BFa0IhaFKacuNTyl4bTOcnzUiXYiRm"",""token_type"":""Bearer"",""expires_in"":3600,""refresh_token"":""1/rZRxb7SHl6gszDHvNZmLhjv1KQnnZw5Q8YC-1BhOqcbooYH_6K7NcnEZNdXfEZnC"",""created"":1496143527}","{""account"":""3335951"",""property"":""UA-3335951-1"",""profile"":""6492570"",""account_name"":"""",""property_name"":"""",""profile_name"":""""}",NULL,NULL,NULL,NULL,NULL,NULL,NULL,NULL,NULL,NULL,"2017-07-19 09:26:09"
84,115,1,"{""access_token"":""ya29.GlsXBN5X8Y8Pr9abl0NuASZyaXTiZmwJ5SYceYteebWsmeQTxlvrjco9iHol2HKo4N0G3FYMxfEKc7K4cTpcxyaplIL60YXFdPoVr5o_jP3HiR-7gR6AjxToUNUA"",""token_type"":""Bearer"",""expires_in"":3600,""refresh_token"":""1/eOXg7LGuqJXi3QRiXk1C3Bfe1ogFxkzLb3U3scwBtqY"",""created"":1490269656}","{""account"":""285311"",""property"":""UA-285311-55"",""profile"":""75006245"",""account_name"":"""",""property_name"":"""",""profile_name"":""""}",NULL,NULL,NULL,NULL,NULL,NULL,NULL,NULL,NULL,NULL,"2017-07-19 09:26:09"
85,94,1,"{""access_token"":""ya29.GlsCBOuzI-X3JjBU46GGZ5SVgx-Wvelc6NhtlUpBnXscb1xtr5H-CPmOynnjBamxk_26j00E8WMyX6E38tU_wFHhjhsgkVyvcUGfmD02uICH__bZKXTD3umvu4iv"",""token_type"":""Bearer"",""expires_in"":3600,""refresh_token"":""1/FGZ0fUwMj446gkMu39odBS9xJ9A2X6h715zc30qIBig"",""created"":1488549171}","{""account"":""21503257"",""property"":""UA-21503257-1"",""profile"":""42514019"",""account_name"":"""",""property_name"":"""",""profile_name"":""""}",NULL,NULL,NULL,NULL,NULL,NULL,NULL,NULL,NULL,NULL,"2017-07-19 09:26:09"
86,95,1,"{""access_token"":""ya29.GlsXBFNGM-9KjAJOM5CDMBAWidWZaUCiFV1xRRszEJjFRmjPoy2gzcg8LqpChRlnmlyeYeqp8-dc3JjvANXCd4aeDNGiHdQBg8w-ZNRrqRAA1ri7_V49FWMZKBpQ"",""token_type"":""Bearer"",""expires_in"":3600,""refresh_token"":""1/loe3DUOdPm6M-5uGQze6ae12pBnp8d095KIjGNyOSbk"",""created"":1490267979}","{""account"":""285311"",""property"":""UA-285311-55"",""profile"":""75006245"",""account_name"":"""",""property_name"":"""",""profile_name"":""""}",NULL,NULL,NULL,NULL,NULL,NULL,NULL,NULL,NULL,NULL,"2017-07-19 09:26:09"
87,96,1,"{""access_token"":""ya29.GlsXBMTJpAfX92bWz5thKsgun9aB7O1nknkLzHdBoY71OAUL5zSphVoJuhIzza7NGT72QY8e0ykbVTLIK_bTE9owelg4iBmGLLHOJY3QbhfiLagyzPQ8qEBUw7B4"",""token_type"":""Bearer"",""expires_in"":3600,""refresh_token"":""1/P7xTsZuGSTJM6qqNsB635PzfKd9GlinpJYzH4on0G1I"",""created"":1490267958}","{""account"":""285311"",""property"":""UA-285311-55"",""profile"":""75006245"",""account_name"":"""",""property_name"":"""",""profile_name"":""""}",NULL,NULL,NULL,NULL,NULL,NULL,NULL,NULL,NULL,NULL,"2017-07-19 09:26:09"
88,93,1,"{""access_token"":""ya29.GltgBLs_U-N-SxJ65qvhMA0gjFna469pMbyApeupC_W_yI-HbopUwcVPWqlOC6vaHyy6LsfHOqyEFYgb8mKtiIWAmSZHFGwhSSWbp2dfo0g6yzYpzIzOVulPCgTe"",""token_type"":""Bearer"",""expires_in"":3600,""refresh_token"":""1/CWMSWy-1R0nhjXxFJHEP7mf5J0hZC9RSl8rr3tj_ZE0"",""created"":1496650189}","{""account"":""90291504"",""property"":""UA-90291504-1"",""profile"":""137967057"",""account_name"":"""",""property_name"":"""",""profile_name"":""""}",NULL,NULL,NULL,NULL,NULL,NULL,NULL,NULL,NULL,NULL,"2017-07-19 09:26:09"
89,92,1,"{""access_token"":""ya29.GltaBG_2crulQ86TPJVGBZrBWSrxGQEBTXQQ707sxujZVvyRsXNxOT9o87_aMbJKE-ctrFTQm7x9xDnmkYzdTwEO6rp89pK_oq9pgOR6Kiy2bM6F1GylRFST7IG4"",""token_type"":""Bearer"",""expires_in"":3600,""refresh_token"":""1/P0AEf0TxK-NMBSbC1tLuj8cL07b_tPMQhhFNBIRyLMhVuW8hxdKXjlJ8F3gIkJ19"",""created"":1496145157}","{""account"":""33122172"",""property"":""UA-33122172-1"",""profile"":""61681097"",""account_name"":"""",""property_name"":"""",""profile_name"":""""}",NULL,NULL,NULL,NULL,NULL,NULL,NULL,NULL,NULL,NULL,"2017-07-19 09:26:09"
90,99,1,"{""access_token"":""ya29.GlsXBMho4gSVr3R05Er07RjeXBOK-hpdgqJd4HnTq9KgF0WTk6_Z-3vnPblOQR6wBm8VwYRIVT_IUPIdEPd630P4XGLFseakvRc3Ugj-GTH0V4dtXHCgbrtGQdA6"",""token_type"":""Bearer"",""expires_in"":3600,""refresh_token"":""1/D3aD3yuiSpPZOh3zCg_0zdK3Vh78X1Sh0Aq1ezZax8w"",""created"":1490267805}","{""account"":""285311"",""property"":""UA-285311-55"",""profile"":""75006245"",""account_name"":"""",""property_name"":"""",""profile_name"":""""}",NULL,NULL,NULL,NULL,NULL,NULL,NULL,NULL,NULL,NULL,"2017-07-19 09:26:09"
91,100,1,"{""access_token"":""ya29.GltbBNyHDZLpMdKOdNqyd7AoZWMTb8oSYU7caM3X7ZxIUdCYA_22bctc3eqs5-PvoQ9qGMosjp4CYsp3FmzvNwmhYY2pDt4pYiLXe5GFqtEYtf-mmA52dtTG6SOo"",""token_type"":""Bearer"",""expires_in"":3600,""refresh_token"":""1/qsFueRGEYLF5GrpT6KEnBkO_rhckti-B6Hiu9Jw0jfk"",""created"":1496239548}","{""account"":""96242463"",""property"":""UA-96242463-1"",""profile"":""146397923"",""account_name"":"""",""property_name"":"""",""profile_name"":""""}",NULL,NULL,NULL,NULL,NULL,NULL,NULL,NULL,NULL,NULL,"2017-07-19 09:26:10"
92,101,1,"{""access_token"":""ya29.GlsXBNodFOejeaJxXmt_eObxe4yK9EgWKh4tQpPNqVlQSeOBt4nlxmMAsBg9ehMfb_N463r9XuJKYTjDYAEGAjmIRhc2sWiYckewv-O1-dwwI-DNqKv1sY_gOKyW"",""token_type"":""Bearer"",""expires_in"":3600,""refresh_token"":""1/H6Lp0kPjOIm23hyoumQJgbueP3kLQ-ZO0j0NSUmCrcI"",""created"":1490267713}","{""account"":""285311"",""property"":""UA-285311-55"",""profile"":""75006245"",""account_name"":"""",""property_name"":"""",""profile_name"":""""}",NULL,NULL,NULL,NULL,NULL,NULL,NULL,NULL,NULL,NULL,"2017-07-19 09:26:10"
93,102,1,"{""access_token"":""ya29.GlsXBGBXlq5nz3yHzjspmVhG6wMD90EZncBYFrXfpVo_jqjFTL591_kbUuqUqpZ2fllJaUtHuIVV4NTv6vH8R7zIXtRkBBDKGdNRzLc_3xv7YuAaGzXzYI-eglhx"",""token_type"":""Bearer"",""expires_in"":3600,""refresh_token"":""1/iCfLs5qUpVBqxdhPc5BjPKstJQb-lO-LPKvrsTZFPO4"",""created"":1490267683}","{""account"":""285311"",""property"":""UA-285311-55"",""profile"":""75006245"",""account_name"":"""",""property_name"":"""",""profile_name"":""""}",NULL,NULL,NULL,NULL,NULL,NULL,NULL,NULL,NULL,NULL,"2017-07-19 09:26:10"
94,103,1,"{""access_token"":""ya29.GlsXBJOcBLrbdKHz6qcYJJqVHgHmC-DsRpzQ4B2MOXLyfjDZbvg6OI806NoC8-1xMBzl23HlzNDhH-0RFXq-96Ob2qAoNCWUapy7xQn2-9FPxufJwbdLLNYUwExO"",""token_type"":""Bearer"",""expires_in"":3600,""refresh_token"":""1/U_xZHnpgMAaVh5fZ_WmHyfbtkg-rqXgg3E0z7RLSGFw"",""created"":1490267643}","{""account"":""285311"",""property"":""UA-285311-55"",""profile"":""75006245"",""account_name"":"""",""property_name"":"""",""profile_name"":""""}",NULL,NULL,NULL,NULL,NULL,NULL,NULL,NULL,NULL,NULL,"2017-07-19 09:26:10"
95,104,1,"{""access_token"":""ya29.GltPBIEi5ZzEn_qM4n1hTUBNA_FgdEFsZ7_AIpsHQWSaNfFx-uI7_eo5yDMO6iqHPXR5f1-JJQb_RxyEJqEYJnPoAoTBwrOl7Nb-Ll4WIA8QVHNZN3kuL68SWkSC"",""token_type"":""Bearer"",""expires_in"":3600,""refresh_token"":""1/dJbTnUhN8hxckXMh_zkx4GUvB_rYQt1MM9yLBsDpBYw"",""created"":1495219200}","{""account"":""2691947"",""property"":""UA-2691947-1"",""profile"":""5084842"",""account_name"":"""",""property_name"":"""",""profile_name"":""""}",NULL,NULL,NULL,NULL,NULL,NULL,NULL,NULL,NULL,NULL,"2017-07-19 09:26:10"
96,97,1,,,NULL,NULL,NULL,NULL,NULL,NULL,NULL,NULL,NULL,NULL,"2017-07-19 09:26:10"
97,105,1,"{""access_token"":""ya29.GltrBBnEg6-iinkiNxm3k1pM2eJVcJw-gXggMO9dc9t9srHtt0rwnLybdjwJkCMzIWOak0tTsVVdvmpQbK3Zrdi6F03Zga4V5Ry8FgO53nDJnfdfj8r-XGQIvn4p"",""token_type"":""Bearer"",""expires_in"":3600,""refresh_token"":""1/cwFGZZcPAFG9KqISNpz3aUbnO0WZIQX-yltoZ3Rsh78"",""created"":1497594239}","{""account"":""99223463"",""property"":""UA-99223463-1"",""profile"":""150532588"",""account_name"":"""",""property_name"":"""",""profile_name"":""""}",NULL,NULL,NULL,NULL,NULL,NULL,NULL,NULL,NULL,NULL,"2017-07-19 09:26:10"
98,106,1,"{""access_token"":""ya29.GlsVBMWfUIkgTLxCCyxtEQ08uPAiO8D1nNxHhQ44Y0EJ3SmSH3az4edEOdpjOPQNjkW_Yc1WtFOFWyg-9MqlWc9JWNRt6CfcUXQvmN8uTfiTbcIrXs9L9F7UgzgU"",""token_type"":""Bearer"",""expires_in"":3600,""refresh_token"":""1/AHvvTQx7U_Khwud99g2W0MpL-M9tDnYJ9NEqKsoU4Ns"",""created"":1490078527}","{""account"":""91619362"",""property"":""UA-91619362-1"",""profile"":""139938491"",""account_name"":"""",""property_name"":"""",""profile_name"":""""}",NULL,NULL,NULL,NULL,NULL,NULL,NULL,NULL,NULL,NULL,"2017-07-19 09:26:10"
99,107,1,"{""access_token"":""ya29.GlsVBPipPgDvH2fvfkUgfMqWZc6pN73j_hBAJz0DBWhJ5Bt0oDnGMjz_8i8op9isR49zBFNairqCPC8rJyIYRZJaxnc1hsEyVkACXqtR4u3asViUxXoID3xHywcy"",""token_type"":""Bearer"",""expires_in"":3600,""refresh_token"":""1/a9ckcBAbmUKm7tr5PZk2e1qCYMbTQBrD9eCLpWIoLjA"",""created"":1490095133}","{""account"":""91619362"",""property"":""UA-91619362-1"",""profile"":""139938491"",""account_name"":"""",""property_name"":"""",""profile_name"":""""}",NULL,NULL,NULL,NULL,NULL,NULL,NULL,NULL,NULL,NULL,"2017-07-19 09:26:10"
100,110,1,"{""access_token"":""ya29.GlsyBH_WKzgZjp5LpbyW7QT7Rxod06a4NsCHAW1PHiMC-fEPuWFPSsXFA6fRM6X4iT3bHOAkaKA2gWoEM30RLPwwU1G4VFEC6uchCaVymRPwuq-BbFcAZiPRTlVb"",""token_type"":""Bearer"",""expires_in"":3600,""refresh_token"":""1/gS6wHKJ6qd7A6xsgkz6noVmWOTvBzBhxZjEJcKzZI7KTRF1NGzmCQkE-YLn1wXCQ"",""created"":1492697046}","{""account"":""82047223"",""property"":""UA-82047223-1"",""profile"":""127141434"",""account_name"":"""",""property_name"":"""",""profile_name"":""""}",NULL,NULL,NULL,NULL,NULL,NULL,NULL,NULL,NULL,NULL,"2017-07-19 09:26:10"
105,116,1,,,NULL,NULL,NULL,NULL,NULL,NULL,NULL,NULL,NULL,NULL,"2017-07-19 09:26:10"
106,117,1,,,NULL,NULL,NULL,NULL,NULL,NULL,NULL,NULL,NULL,NULL,"2017-07-19 09:26:10"
107,118,1,,,NULL,NULL,NULL,NULL,NULL,NULL,NULL,NULL,NULL,NULL,"2017-07-19 09:26:10"
108,119,1,,,NULL,NULL,NULL,NULL,NULL,NULL,NULL,NULL,NULL,NULL,"2017-07-19 09:26:10"
109,120,1,"{""access_token"":""ya29.GluGBOuKgJzAACeMSOOOAC9y0RMZ7gHi4nByeO-A58qjVzX0dJImdYgDYZtrtRy_S8pCmYoFsNDv8zV1ymlyny7uzsMhV9Us3OHALAyR683eELQGwhmvhPceaJow"",""token_type"":""Bearer"",""expires_in"":3600,""refresh_token"":""1/RjgYSW0VFZ-PTPt54huZrnGhOqH2FTzKHAKOzSNh6-U"",""created"":1499979682}","{""account"":""497128"",""property"":""UA-497128-1"",""profile"":""22064670"",""account_name"":"""",""property_name"":"""",""profile_name"":""""}",NULL,NULL,NULL,NULL,NULL,NULL,NULL,NULL,NULL,NULL,"2017-07-19 09:26:10"
